file_path,data
PSTATION/ch03.wav,demand
PSTATION/ch06.wav,demand
PSTATION/ch07.wav,demand
PSTATION/ch11.wav,demand
PSTATION/ch05.wav,demand
PSTATION/ch13.wav,demand
PSTATION/ch12.wav,demand
PSTATION/ch04.wav,demand
PSTATION/ch16.wav,demand
PSTATION/ch08.wav,demand
PSTATION/ch02.wav,demand
PSTATION/ch01.wav,demand
PSTATION/ch14.wav,demand
PSTATION/ch15.wav,demand
PSTATION/ch10.wav,demand
PSTATION/ch09.wav,demand
TMETRO/ch03.wav,demand
TMETRO/ch06.wav,demand
TMETRO/ch07.wav,demand
TMETRO/ch11.wav,demand
TMETRO/ch05.wav,demand
TMETRO/ch13.wav,demand
TMETRO/ch12.wav,demand
TMETRO/ch04.wav,demand
TMETRO/ch16.wav,demand
TMETRO/ch08.wav,demand
TMETRO/ch02.wav,demand
TMETRO/ch01.wav,demand
TMETRO/ch14.wav,demand
TMETRO/ch15.wav,demand
TMETRO/ch10.wav,demand
TMETRO/ch09.wav,demand
DWASHING/ch03.wav,demand
DWASHING/ch06.wav,demand
DWASHING/ch07.wav,demand
DWASHING/ch11.wav,demand
DWASHING/ch05.wav,demand
DWASHING/ch13.wav,demand
DWASHING/ch12.wav,demand
DWASHING/ch04.wav,demand
DWASHING/ch16.wav,demand
DWASHING/ch08.wav,demand
DWASHING/ch02.wav,demand
DWASHING/ch01.wav,demand
DWASHING/ch14.wav,demand
DWASHING/ch15.wav,demand
DWASHING/ch10.wav,demand
DWASHING/ch09.wav,demand
OHALLWAY/ch03.wav,demand
OHALLWAY/ch06.wav,demand
OHALLWAY/ch07.wav,demand
OHALLWAY/ch11.wav,demand
OHALLWAY/ch05.wav,demand
OHALLWAY/ch13.wav,demand
OHALLWAY/ch12.wav,demand
OHALLWAY/ch04.wav,demand
OHALLWAY/ch16.wav,demand
OHALLWAY/ch08.wav,demand
OHALLWAY/ch02.wav,demand
OHALLWAY/ch01.wav,demand
OHALLWAY/ch14.wav,demand
OHALLWAY/ch15.wav,demand
OHALLWAY/ch10.wav,demand
OHALLWAY/ch09.wav,demand
SCAFE/ch03.wav,demand
SCAFE/ch06.wav,demand
SCAFE/ch07.wav,demand
SCAFE/ch11.wav,demand
SCAFE/ch05.wav,demand
SCAFE/ch13.wav,demand
SCAFE/ch12.wav,demand
SCAFE/ch04.wav,demand
SCAFE/ch16.wav,demand
SCAFE/ch08.wav,demand
SCAFE/ch02.wav,demand
SCAFE/ch01.wav,demand
SCAFE/ch14.wav,demand
SCAFE/ch15.wav,demand
SCAFE/ch10.wav,demand
SCAFE/ch09.wav,demand
OOFFICE/ch03.wav,demand
OOFFICE/ch06.wav,demand
OOFFICE/ch07.wav,demand
OOFFICE/ch11.wav,demand
OOFFICE/ch05.wav,demand
OOFFICE/ch13.wav,demand
OOFFICE/ch12.wav,demand
OOFFICE/ch04.wav,demand
OOFFICE/ch16.wav,demand
OOFFICE/ch08.wav,demand
OOFFICE/ch02.wav,demand
OOFFICE/ch01.wav,demand
OOFFICE/ch14.wav,demand
OOFFICE/ch15.wav,demand
OOFFICE/ch10.wav,demand
OOFFICE/ch09.wav,demand
DLIVING/ch03.wav,demand
DLIVING/ch06.wav,demand
DLIVING/ch07.wav,demand
DLIVING/ch11.wav,demand
DLIVING/ch05.wav,demand
DLIVING/ch13.wav,demand
DLIVING/ch12.wav,demand
DLIVING/ch04.wav,demand
DLIVING/ch16.wav,demand
DLIVING/ch08.wav,demand
DLIVING/ch02.wav,demand
DLIVING/ch01.wav,demand
DLIVING/ch14.wav,demand
DLIVING/ch15.wav,demand
DLIVING/ch10.wav,demand
DLIVING/ch09.wav,demand
NFIELD/ch03.wav,demand
NFIELD/ch06.wav,demand
NFIELD/ch07.wav,demand
NFIELD/ch11.wav,demand
NFIELD/ch05.wav,demand
NFIELD/ch13.wav,demand
NFIELD/ch12.wav,demand
NFIELD/ch04.wav,demand
NFIELD/ch16.wav,demand
NFIELD/ch08.wav,demand
NFIELD/ch02.wav,demand
NFIELD/ch01.wav,demand
NFIELD/ch14.wav,demand
NFIELD/ch15.wav,demand
NFIELD/ch10.wav,demand
NFIELD/ch09.wav,demand
TBUS/ch03.wav,demand
TBUS/ch06.wav,demand
TBUS/ch07.wav,demand
TBUS/ch11.wav,demand
TBUS/ch05.wav,demand
TBUS/ch13.wav,demand
TBUS/ch12.wav,demand
TBUS/ch04.wav,demand
TBUS/ch16.wav,demand
TBUS/ch08.wav,demand
TBUS/ch02.wav,demand
TBUS/ch01.wav,demand
TBUS/ch14.wav,demand
TBUS/ch15.wav,demand
TBUS/ch10.wav,demand
TBUS/ch09.wav,demand
STRAFFIC/ch03.wav,demand
STRAFFIC/ch06.wav,demand
STRAFFIC/ch07.wav,demand
STRAFFIC/ch11.wav,demand
STRAFFIC/ch05.wav,demand
STRAFFIC/ch13.wav,demand
STRAFFIC/ch12.wav,demand
STRAFFIC/ch04.wav,demand
STRAFFIC/ch16.wav,demand
STRAFFIC/ch08.wav,demand
STRAFFIC/ch02.wav,demand
STRAFFIC/ch01.wav,demand
STRAFFIC/ch14.wav,demand
STRAFFIC/ch15.wav,demand
STRAFFIC/ch10.wav,demand
STRAFFIC/ch09.wav,demand
PCAFETER/ch03.wav,demand
PCAFETER/ch06.wav,demand
PCAFETER/ch07.wav,demand
PCAFETER/ch11.wav,demand
PCAFETER/ch05.wav,demand
PCAFETER/ch13.wav,demand
PCAFETER/ch12.wav,demand
PCAFETER/ch04.wav,demand
PCAFETER/ch16.wav,demand
PCAFETER/ch08.wav,demand
PCAFETER/ch02.wav,demand
PCAFETER/ch01.wav,demand
PCAFETER/ch14.wav,demand
PCAFETER/ch15.wav,demand
PCAFETER/ch10.wav,demand
PCAFETER/ch09.wav,demand
SPSQUARE/ch03.wav,demand
SPSQUARE/ch06.wav,demand
SPSQUARE/ch07.wav,demand
SPSQUARE/ch11.wav,demand
SPSQUARE/ch05.wav,demand
SPSQUARE/ch13.wav,demand
SPSQUARE/ch12.wav,demand
SPSQUARE/ch04.wav,demand
SPSQUARE/ch16.wav,demand
SPSQUARE/ch08.wav,demand
SPSQUARE/ch02.wav,demand
SPSQUARE/ch01.wav,demand
SPSQUARE/ch14.wav,demand
SPSQUARE/ch15.wav,demand
SPSQUARE/ch10.wav,demand
SPSQUARE/ch09.wav,demand
NRIVER/ch03.wav,demand
NRIVER/ch06.wav,demand
NRIVER/ch07.wav,demand
NRIVER/ch11.wav,demand
NRIVER/ch05.wav,demand
NRIVER/ch13.wav,demand
NRIVER/ch12.wav,demand
NRIVER/ch04.wav,demand
NRIVER/ch16.wav,demand
NRIVER/ch08.wav,demand
NRIVER/ch02.wav,demand
NRIVER/ch01.wav,demand
NRIVER/ch14.wav,demand
NRIVER/ch15.wav,demand
NRIVER/ch10.wav,demand
NRIVER/ch09.wav,demand
NPARK/ch03.wav,demand
NPARK/ch06.wav,demand
NPARK/ch07.wav,demand
NPARK/ch11.wav,demand
NPARK/ch05.wav,demand
NPARK/ch13.wav,demand
NPARK/ch12.wav,demand
NPARK/ch04.wav,demand
NPARK/ch16.wav,demand
NPARK/ch08.wav,demand
NPARK/ch02.wav,demand
NPARK/ch01.wav,demand
NPARK/ch14.wav,demand
NPARK/ch15.wav,demand
NPARK/ch10.wav,demand
NPARK/ch09.wav,demand
DKITCHEN/ch03.wav,demand
DKITCHEN/ch06.wav,demand
DKITCHEN/ch07.wav,demand
DKITCHEN/ch11.wav,demand
DKITCHEN/ch05.wav,demand
DKITCHEN/ch13.wav,demand
DKITCHEN/ch12.wav,demand
DKITCHEN/ch04.wav,demand
DKITCHEN/ch16.wav,demand
DKITCHEN/ch08.wav,demand
DKITCHEN/ch02.wav,demand
DKITCHEN/ch01.wav,demand
DKITCHEN/ch14.wav,demand
DKITCHEN/ch15.wav,demand
DKITCHEN/ch10.wav,demand
DKITCHEN/ch09.wav,demand
TCAR/ch03.wav,demand
TCAR/ch06.wav,demand
TCAR/ch07.wav,demand
TCAR/ch11.wav,demand
TCAR/ch05.wav,demand
TCAR/ch13.wav,demand
TCAR/ch12.wav,demand
TCAR/ch04.wav,demand
TCAR/ch16.wav,demand
TCAR/ch08.wav,demand
TCAR/ch02.wav,demand
TCAR/ch01.wav,demand
TCAR/ch14.wav,demand
TCAR/ch15.wav,demand
TCAR/ch10.wav,demand
TCAR/ch09.wav,demand
OMEETING/ch03.wav,demand
OMEETING/ch06.wav,demand
OMEETING/ch07.wav,demand
OMEETING/ch11.wav,demand
OMEETING/ch05.wav,demand
OMEETING/ch13.wav,demand
OMEETING/ch12.wav,demand
OMEETING/ch04.wav,demand
OMEETING/ch16.wav,demand
OMEETING/ch08.wav,demand
OMEETING/ch02.wav,demand
OMEETING/ch01.wav,demand
OMEETING/ch14.wav,demand
OMEETING/ch15.wav,demand
OMEETING/ch10.wav,demand
OMEETING/ch09.wav,demand
PRESTO/ch03.wav,demand
PRESTO/ch06.wav,demand
PRESTO/ch07.wav,demand
PRESTO/ch11.wav,demand
PRESTO/ch05.wav,demand
PRESTO/ch13.wav,demand
PRESTO/ch12.wav,demand
PRESTO/ch04.wav,demand
PRESTO/ch16.wav,demand
PRESTO/ch08.wav,demand
PRESTO/ch02.wav,demand
PRESTO/ch01.wav,demand
PRESTO/ch14.wav,demand
PRESTO/ch15.wav,demand
PRESTO/ch10.wav,demand
PRESTO/ch09.wav,demand
